{
  "customers": [
    {
      "id": 123,
      "name": "Anjaneyulu",
      "email": "anji@gmail.com",
      "phone": 9966568639
    },
    {
      "id": 154,
      "name": "Harsha",
      "email": "harsha@gmail.com",
      "phone": 7036099193
    },
    {
      "id": 120,
      "name": "Srinu",
      "email": "srinu@gmail.com",
      "phone": 9652785207
    },
    {
      "id": 13213,
      "name": "awdsadasdA",
      "email": "aad@gm.bum",
      "phone": "9630258741"
    },
    {
      "id": 52,
      "name": "sarath",
      "email": "sarath@gmail.com",
      "phone": 9666321517
    },
    {
      "id": 51,
      "name": "hrserwe",
      "email": "ateegtewt@gmail",
      "phone": "9875654541"
    },
    {
      "id": 1000,
      "name": "aareerrref",
      "email": "aerfrahfdsg@gmail",
      "phone": 9988977977
    },
    {
      "id": 250,
      "name": "satyanarayana",
      "email": "satyasatya@gmail.com",
      "phone": "9492917922"
    }
  ]
}